{"uncertainties": [[-0.1, 0.1], [-0.1, 0.1], [-0.1, 0.1], [-0.1, 0.1], [-0.1, 0.1], [-0.1, 0.1], [-0.1, 0.1], [-0.1, 0.1], [-0.1, 0.1]], "axis_titles": ["LumiSpec_GP", "Offset_time", "Luminosity/LumiSpec_GP"], "values": [0.06494501062703865, 0.06621018475999739, 0.06510145015369236, 0.06390102533051359, 0.06523773247845639, 0.06660169414106437, 0.06556320219475624, 0.06660258950795984, 0.06793436334615721], "binning": [[0.4833333333333333, 0.6333333333333333], [0.6333333333333333, 0.7833333333333333], [0.7833333333333333, 1.0333333333333334], [1.0333333333333334, 1.2666666666666666], [1.2666666666666666, 1.3666666666666667], [1.3666666666666667, 1.7333333333333334], [1.7333333333333334, 1.7833333333333334], [1.7833333333333334, 1.9833333333333334], [1.9833333333333334, 2.1333333333333333]], "type": ["histogram"]}