{"uncertainties": [[-0.1, 0.1], [-0.1, 0.1], [-0.1, 0.1], [-0.1, 0.1], [-0.1, 0.1], [-0.1, 0.1], [-0.1, 0.1], [-0.1, 0.1], [-0.1, 0.1], [-0.1, 0.1], [-0.1, 0.1], [-0.1, 0.1]], "axis_titles": ["DCBCTtotalIntensity", "Offset_time", "Beam1/DCBCTtotalIntensity"], "values": [1913065.5151588235, 1913847.6175, 1912527.422401961, 1912918.4975117648, 1912673.5694607843, 1913549.4775, 1912526.4504529412, 1912573.4961, 1910968.5204411766, 1913201.6475, 1912330.4269235295, 1912428.4386882354], "binning": [[0.0, 0.16666666666666666], [0.16666666666666666, 0.3333333333333333], [0.3333333333333333, 0.5], [0.5, 0.6833333333333333], [0.6833333333333333, 0.85], [0.85, 1.0166666666666666], [1.0166666666666666, 1.2], [1.2, 1.3833333333333333], [1.3833333333333333, 1.55], [1.55, 1.7166666666666666], [1.7166666666666666, 1.9], [1.9, 2.066666666666667]], "type": ["histogram"]}