{"uncertainties": [[-0.1, 0.1], [-0.1, 0.1], [-0.1, 0.1], [-0.1, 0.1], [-0.1, 0.1], [-0.1, 0.1], [-0.1, 0.1], [-0.1, 0.1], [-0.1, 0.1], [-0.1, 0.1], [-0.1, 0.1], [-0.1, 0.1], [-0.1, 0.1], [-0.1, 0.1], [-0.1, 0.1], [-0.1, 0.1], [-0.1, 0.1], [-0.1, 0.1], [-0.1, 0.1], [-0.1, 0.1], [-0.1, 0.1], [-0.1, 0.1], [-0.1, 0.1], [-0.1, 0.1], [-0.1, 0.1], [-0.1, 0.1], [-0.1, 0.1], [-0.1, 0.1], [-0.1, 0.1], [-0.1, 0.1], [-0.1, 0.1], [-0.1, 0.1], [-0.1, 0.1], [-0.1, 0.1], [-0.1, 0.1], [-0.1, 0.1], [-0.1, 0.1], [-0.1, 0.1], [-0.1, 0.1], [-0.1, 0.1], [-0.1, 0.1], [-0.1, 0.1], [-0.1, 0.1], [-0.1, 0.1], [-0.1, 0.1], [-0.1, 0.1], [-0.1, 0.1], [-0.1, 0.1], [-0.1, 0.1], [-0.1, 0.1], [-0.1, 0.1], [-0.1, 0.1], [-0.1, 0.1], [-0.1, 0.1], [-0.1, 0.1], [-0.1, 0.1], [-0.1, 0.1], [-0.1, 0.1], [-0.1, 0.1], [-0.1, 0.1], [-0.1, 0.1], [-0.1, 0.1], [-0.1, 0.1], [-0.1, 0.1], [-0.1, 0.1], [-0.1, 0.1]], "axis_titles": ["Mu", "Offset_time", "Luminosity/Mu"], "values": [0.0055639773278338715, 0.005571105136036241, 0.005532738248615828, 0.02426848914930093, 0.06656586592301568, 0.06662805198473137, 0.06672986741209498, 0.06665386992180773, 0.06666264162317646, 0.06638881458976452, 0.06636116561742994, 0.06631869801792634, 0.06659594689955371, 0.0665177284919245, 0.06648360464773695, 0.06640269167343313, 0.06637268516789772, 0.06648086613950685, 0.0664714238521453, 0.06638522686757735, 0.07537190802464754, 0.07599232255604453, 0.07615254696747327, 0.07599602045335895, 0.07603097379893715, 0.07586936905970111, 0.07607420557602504, 0.07605342767775101, 0.0762846760713374, 0.07581658590959299, 0.07615868602790136, 0.07604352358423115, 0.07597183094460559, 0.07607970046524563, 0.07584865667173338, 0.0759946932544088, 0.07602796047102434, 0.0760839470187999, 0.07586997931020238, 0.07569615529751646, 0.07569206902009652, 0.07580165250821295, 0.07583551441615657, 0.07567038793442869, 0.07584945125188779, 0.07568302785356083, 0.07568552759160363, 0.07561044697197919, 0.07549572764274619, 0.07555744546999899, 0.0756565656809611, 0.07564255376898638, 0.07556131270666669, 0.07580181905605357, 0.0755493367900035, 0.07549839230628175, 0.0754977938368298, 0.07573731635390066, 0.07553224561298356, 0.0755742785384517, 0.07558519727762775, 0.07546850712854619, 0.07546954269401997, 0.07565488738828444, 0.07528144654844611, 0.07539361830073751], "binning": [[-0.1, 0.0], [0.0, 0.1], [0.1, 0.15], [0.15, 0.2], [0.2, 0.25], [0.25, 0.3], [0.3, 0.35], [0.35, 0.4], [0.4, 0.45], [0.45, 0.5], [0.5, 0.55], [0.55, 0.75], [0.75, 0.8], [0.8, 0.85], [0.85, 0.9], [0.9, 0.95], [0.95, 1.0], [1.0, 1.05], [1.05, 1.1], [1.1, 1.15], [1.15, 1.2], [1.2, 1.25], [1.25, 1.3], [1.3, 1.35], [1.35, 1.4], [1.4, 1.45], [1.45, 1.5], [1.5, 1.55], [1.55, 1.6], [1.6, 1.65], [1.65, 1.7], [1.7, 1.75], [1.75, 1.8], [1.8, 1.85], [1.85, 1.9], [1.9, 1.95], [1.95, 2.0], [2.0, 2.05], [2.05, 2.1], [2.1, 2.15], [2.15, 2.2], [2.2, 2.25], [2.25, 2.3], [2.3, 2.4], [2.4, 2.45], [2.45, 2.5], [2.5, 2.55], [2.55, 2.6], [2.6, 2.65], [2.65, 2.7], [2.7, 2.75], [2.75, 2.8], [2.8, 2.85], [2.85, 2.9], [2.9, 2.95], [2.95, 3.0], [3.0, 3.05], [3.05, 3.1], [3.1, 3.15], [3.15, 3.2], [3.2, 3.25], [3.25, 3.3], [3.3, 3.35], [3.35, 3.4], [3.4, 3.45], [3.45, 3.5]], "type": ["histogram"]}