{"uncertainties": [[-0.1, 0.1], [-0.1, 0.1], [-0.1, 0.1], [-0.1, 0.1], [-0.1, 0.1], [-0.1, 0.1], [-0.1, 0.1], [-0.1, 0.1], [-0.1, 0.1], [-0.1, 0.1], [-0.1, 0.1], [-0.1, 0.1], [-0.1, 0.1], [-0.1, 0.1], [-0.1, 0.1], [-0.1, 0.1], [-0.1, 0.1], [-0.1, 0.1], [-0.1, 0.1], [-0.1, 0.1], [-0.1, 0.1], [-0.1, 0.1], [-0.1, 0.1], [-0.1, 0.1], [-0.1, 0.1], [-0.1, 0.1], [-0.1, 0.1]], "axis_titles": ["LumiInst_GP", "Offset_time", "Luminosity/LumiInst_GP"], "values": [15.120774725621326, 15.033145207667951, 15.08050895020171, 15.061405455720196, 15.078770864474476, 15.041002544904654, 15.081534768350297, 14.9789731493624, 14.91244940820634, 15.017036637534982, 15.200035262785676, 15.046641582774873, 15.31150198196578, 14.940909675680539, 15.054832497597587, 15.045354518950324, 14.661777977756094, 14.966285323204046, 14.97870686024104, 14.919301980696616, 15.072017257112485, 15.273613120694982, 15.033686481406313, 15.176339541401957, 15.269383832669005, 15.401627800682101, 15.569663726503597], "binning": [[-0.18333333333333335, 0.016666666666666666], [0.016666666666666666, 0.21666666666666667], [0.21666666666666667, 0.26666666666666666], [0.26666666666666666, 0.31666666666666665], [0.31666666666666665, 0.36666666666666664], [0.36666666666666664, 0.43333333333333335], [0.43333333333333335, 0.4666666666666667], [0.4666666666666667, 0.5666666666666667], [0.5666666666666667, 0.6166666666666667], [0.6166666666666667, 0.7166666666666667], [0.7166666666666667, 0.7666666666666667], [0.7666666666666667, 0.8666666666666667], [0.8666666666666667, 0.9666666666666667], [0.9666666666666667, 1.0166666666666666], [1.0166666666666666, 1.1166666666666667], [1.1166666666666667, 1.2166666666666666], [1.2166666666666666, 1.2666666666666666], [1.2666666666666666, 1.3666666666666667], [1.3666666666666667, 1.4666666666666666], [1.4666666666666666, 1.5166666666666666], [1.5166666666666666, 1.6166666666666667], [1.6166666666666667, 1.7166666666666666], [1.7166666666666666, 1.7666666666666666], [1.7666666666666666, 1.8833333333333333], [1.8833333333333333, 1.9833333333333334], [1.9833333333333334, 2.033333333333333], [2.033333333333333, 2.1333333333333333]], "type": ["histogram"]}