{"uncertainties": [[-0.1, 0.1], [-0.1, 0.1], [-0.1, 0.1], [-0.1, 0.1], [-0.1, 0.1], [-0.1, 0.1], [-0.1, 0.1], [-0.1, 0.1], [-0.1, 0.1], [-0.1, 0.1], [-0.1, 0.1], [-0.1, 0.1], [-0.1, 0.1], [-0.1, 0.1], [-0.1, 0.1], [-0.1, 0.1], [-0.1, 0.1], [-0.1, 0.1], [-0.1, 0.1], [-0.1, 0.1], [-0.1, 0.1], [-0.1, 0.1], [-0.1, 0.1], [-0.1, 0.1], [-0.1, 0.1], [-0.1, 0.1], [-0.1, 0.1], [-0.1, 0.1], [-0.1, 0.1], [-0.1, 0.1], [-0.1, 0.1], [-0.1, 0.1], [-0.1, 0.1], [-0.1, 0.1], [-0.1, 0.1], [-0.1, 0.1], [-0.1, 0.1], [-0.1, 0.1], [-0.1, 0.1], [-0.1, 0.1], [-0.1, 0.1], [-0.1, 0.1], [-0.1, 0.1], [-0.1, 0.1], [-0.1, 0.1], [-0.1, 0.1], [-0.1, 0.1], [-0.1, 0.1], [-0.1, 0.1], [-0.1, 0.1], [-0.1, 0.1], [-0.1, 0.1], [-0.1, 0.1], [-0.1, 0.1], [-0.1, 0.1], [-0.1, 0.1], [-0.1, 0.1], [-0.1, 0.1], [-0.1, 0.1], [-0.1, 0.1], [-0.1, 0.1], [-0.1, 0.1], [-0.1, 0.1], [-0.1, 0.1], [-0.1, 0.1], [-0.1, 0.1]], "axis_titles": ["PileUp", "Offset_time", "Luminosity/PileUp"], "values": [1.0027845684828998, 1.002788139001052, 1.0027689200557206, 1.0121833240566862, 1.033652156903934, 1.033683940066531, 1.0337359791036782, 1.0336971357479823, 1.0337016190352872, 1.0335616698759418, 1.0335475395679745, 1.0335258362874857, 1.0336675311459989, 1.0336275544086406, 1.0336101143325598, 1.0335687619584517, 1.0335534267440283, 1.033608714739222, 1.0336038889964727, 1.0335598363243153, 1.0381593195715153, 1.0384773510573766, 1.038559494314819, 1.0384792468334594, 1.0384971662419837, 1.0384143186143513, 1.0385193300063331, 1.038508677700278, 1.0386272369912726, 1.0383872599619892, 1.0385626417506284, 1.038503600145844, 1.0384668458023862, 1.0385221471099098, 1.0384037006003703, 1.0384785664270613, 1.038495621401765, 1.0385243242238897, 1.0384146314547051, 1.0383255243824288, 1.0383234297023733, 1.038379604616102, 1.038396963381748, 1.0383123157365408, 1.0384041079332145, 1.0383187950902564, 1.03832007648507, 1.0382815897394992, 1.03822278578311, 1.0382544214385179, 1.0383052303364382, 1.0382980477483157, 1.0382564037485853, 1.0383796899937219, 1.038250265011565, 1.038224151637553, 1.0382238448737064, 1.0383466242415171, 1.0382415042838053, 1.038263049933287, 1.0382686468159323, 1.0382088331473576, 1.0382093639531427, 1.03830437003206, 1.0381129533544358, 1.0381704474213371], "binning": [[-0.1, 0.0], [0.0, 0.1], [0.1, 0.15], [0.15, 0.2], [0.2, 0.25], [0.25, 0.3], [0.3, 0.35], [0.35, 0.4], [0.4, 0.45], [0.45, 0.5], [0.5, 0.55], [0.55, 0.75], [0.75, 0.8], [0.8, 0.85], [0.85, 0.9], [0.9, 0.95], [0.95, 1.0], [1.0, 1.05], [1.05, 1.1], [1.1, 1.15], [1.15, 1.2], [1.2, 1.25], [1.25, 1.3], [1.3, 1.35], [1.35, 1.4], [1.4, 1.45], [1.45, 1.5], [1.5, 1.55], [1.55, 1.6], [1.6, 1.65], [1.65, 1.7], [1.7, 1.75], [1.75, 1.8], [1.8, 1.85], [1.85, 1.9], [1.9, 1.95], [1.95, 2.0], [2.0, 2.05], [2.05, 2.1], [2.1, 2.15], [2.15, 2.2], [2.2, 2.25], [2.25, 2.3], [2.3, 2.4], [2.4, 2.45], [2.45, 2.5], [2.5, 2.55], [2.55, 2.6], [2.6, 2.65], [2.65, 2.7], [2.7, 2.75], [2.75, 2.8], [2.8, 2.85], [2.85, 2.9], [2.9, 2.95], [2.95, 3.0], [3.0, 3.05], [3.05, 3.1], [3.1, 3.15], [3.15, 3.2], [3.2, 3.25], [3.25, 3.3], [3.3, 3.35], [3.35, 3.4], [3.4, 3.45], [3.45, 3.5]], "type": ["histogram"]}