{"uncertainties": [[-0.1, 0.1], [-0.1, 0.1], [-0.1, 0.1], [-0.1, 0.1], [-0.1, 0.1], [-0.1, 0.1], [-0.1, 0.1], [-0.1, 0.1], [-0.1, 0.1], [-0.1, 0.1], [-0.1, 0.1], [-0.1, 0.1], [-0.1, 0.1], [-0.1, 0.1], [-0.1, 0.1], [-0.1, 0.1], [-0.1, 0.1], [-0.1, 0.1], [-0.1, 0.1], [-0.1, 0.1], [-0.1, 0.1], [-0.1, 0.1], [-0.1, 0.1], [-0.1, 0.1], [-0.1, 0.1], [-0.1, 0.1], [-0.1, 0.1], [-0.1, 0.1], [-0.1, 0.1], [-0.1, 0.1], [-0.1, 0.1], [-0.1, 0.1], [-0.1, 0.1], [-0.1, 0.1], [-0.1, 0.1], [-0.1, 0.1], [-0.1, 0.1], [-0.1, 0.1], [-0.1, 0.1], [-0.1, 0.1], [-0.1, 0.1], [-0.1, 0.1], [-0.1, 0.1], [-0.1, 0.1], [-0.1, 0.1], [-0.1, 0.1], [-0.1, 0.1], [-0.1, 0.1], [-0.1, 0.1], [-0.1, 0.1], [-0.1, 0.1], [-0.1, 0.1], [-0.1, 0.1]], "axis_titles": ["LumiInst_GP", "Offset_time", "Luminosity/LumiInst_GP"], "values": [15.550326081768269, 15.734098180316234, 15.411329882667255, 15.675875696886282, 15.636650130651633, 15.809298443691786, 15.785607851712625, 15.237288672121691, 15.300988976404467, 15.2830176275671, 15.275177382206012, 15.256586933605018, 15.249692682050787, 15.274548186493794, 15.2723787401302, 15.252574244930777, 17.317341182266926, 17.459886732674445, 17.49669966299766, 17.460736356242812, 17.468767186650364, 17.431637114195432, 17.478700057574926, 17.4739261575518, 17.5270574558636, 17.419509733543237, 17.49811016469197, 17.47165060726948, 17.45517860950279, 17.47996255541909, 17.42687826572606, 17.460431420920905, 17.46807484876311, 17.480938237456012, 17.431777324472893, 17.391839769324783, 17.390900912101966, 17.416078656720487, 17.4238587199869, 17.29530230667798, 17.59507815770044, 17.552564600393797, 17.564518443737906, 17.485936363648932, 17.062766524685617, 17.34477981436493, 17.443424791395728, 17.58052591182924, 17.426272231641764, 17.370664982789208, 17.36806335559401, 17.20798911562544, 17.19022087863841], "binning": [[-0.1, 0.0], [0.0, 0.1], [0.1, 0.15], [0.15, 0.25], [0.25, 0.35], [0.35, 0.4], [0.4, 0.5], [0.5, 0.75], [0.75, 0.8], [0.8, 0.85], [0.85, 0.9], [0.9, 0.95], [0.95, 1.0], [1.0, 1.05], [1.05, 1.1], [1.1, 1.15], [1.15, 1.2], [1.2, 1.25], [1.25, 1.3], [1.3, 1.35], [1.35, 1.4], [1.4, 1.45], [1.45, 1.5], [1.5, 1.55], [1.55, 1.6], [1.6, 1.65], [1.65, 1.7], [1.7, 1.75], [1.75, 1.8], [1.8, 1.85], [1.85, 1.9], [1.9, 1.95], [1.95, 2.0], [2.0, 2.05], [2.05, 2.1], [2.1, 2.15], [2.15, 2.2], [2.2, 2.25], [2.25, 2.3], [2.3, 2.4], [2.4, 2.5], [2.5, 2.6], [2.6, 2.65], [2.65, 2.75], [2.75, 2.85], [2.85, 2.9], [2.9, 3.0], [3.0, 3.1], [3.1, 3.15], [3.15, 3.25], [3.25, 3.35], [3.35, 3.4], [3.4, 3.5]], "type": ["histogram"]}