{"uncertainties": [[-0.1, 0.1], [-0.1, 0.1], [-0.1, 0.1], [-0.1, 0.1], [-0.1, 0.1], [-0.1, 0.1], [-0.1, 0.1], [-0.1, 0.1], [-0.1, 0.1], [-0.1, 0.1], [-0.1, 0.1], [-0.1, 0.1], [-0.1, 0.1], [-0.1, 0.1], [-0.1, 0.1], [-0.1, 0.1], [-0.1, 0.1], [-0.1, 0.1], [-0.1, 0.1], [-0.1, 0.1], [-0.1, 0.1], [-0.1, 0.1], [-0.1, 0.1], [-0.1, 0.1], [-0.1, 0.1], [-0.1, 0.1], [-0.1, 0.1], [-0.1, 0.1], [-0.1, 0.1], [-0.1, 0.1], [-0.1, 0.1], [-0.1, 0.1], [-0.1, 0.1], [-0.1, 0.1], [-0.1, 0.1], [-0.1, 0.1], [-0.1, 0.1], [-0.1, 0.1], [-0.1, 0.1], [-0.1, 0.1]], "axis_titles": ["Mu", "Offset_time", "Luminosity/Mu"], "values": [0.06560869411816682, 0.06543018503751591, 0.06563633075055487, 0.06555318479796002, 0.06562876591504155, 0.06546438327229631, 0.06564079551626757, 0.0653771104850274, 0.06534664568319068, 0.06544461043121944, 0.06550814855160461, 0.065364892224703, 0.0657242271613676, 0.06582278765161982, 0.06551682173628652, 0.06557818732982303, 0.06554639312017066, 0.06563083045373581, 0.06539807523708151, 0.06541517365187227, 0.06560056041977737, 0.06537236723063146, 0.06527888523938852, 0.06538991176445176, 0.06551812249203501, 0.06527750146533912, 0.06550636151902779, 0.06542162245981306, 0.06538602909620633, 0.06546645069995277, 0.06550651643084708, 0.067794132717079, 0.06792811741493084, 0.068049980816653, 0.06789405822014763, 0.06794781778517965, 0.06790026324211913, 0.06785123722983932, 0.06798337293592667, 0.06795202323870042], "binning": [[-0.18333333333333335, 0.016666666666666666], [0.016666666666666666, 0.21666666666666667], [0.21666666666666667, 0.26666666666666666], [0.26666666666666666, 0.31666666666666665], [0.31666666666666665, 0.36666666666666664], [0.36666666666666664, 0.43333333333333335], [0.43333333333333335, 0.4666666666666667], [0.4666666666666667, 0.5666666666666667], [0.5666666666666667, 0.6166666666666667], [0.6166666666666667, 0.6666666666666666], [0.6666666666666666, 0.7166666666666667], [0.7166666666666667, 0.7666666666666667], [0.7666666666666667, 0.8166666666666667], [0.8166666666666667, 0.8666666666666667], [0.8666666666666667, 0.9166666666666666], [0.9166666666666666, 0.9666666666666667], [0.9666666666666667, 1.0166666666666666], [1.0166666666666666, 1.0666666666666667], [1.0666666666666667, 1.1166666666666667], [1.1166666666666667, 1.1666666666666667], [1.1666666666666667, 1.2166666666666666], [1.2166666666666666, 1.2666666666666666], [1.2666666666666666, 1.3166666666666667], [1.3166666666666667, 1.3666666666666667], [1.3666666666666667, 1.4166666666666667], [1.4166666666666667, 1.4666666666666666], [1.4666666666666666, 1.5166666666666666], [1.5166666666666666, 1.5666666666666667], [1.5666666666666667, 1.6166666666666667], [1.6166666666666667, 1.6666666666666667], [1.6666666666666667, 1.7166666666666666], [1.7166666666666666, 1.7666666666666666], [1.7666666666666666, 1.8333333333333333], [1.8333333333333333, 1.8833333333333333], [1.8833333333333333, 1.9333333333333333], [1.9333333333333333, 1.9833333333333334], [1.9833333333333334, 2.033333333333333], [2.033333333333333, 2.0833333333333335], [2.0833333333333335, 2.1333333333333333], [2.1333333333333333, 2.183333333333333]], "type": ["histogram"]}