{"uncertainties": [[-0.1, 0.1], [-0.1, 0.1], [-0.1, 0.1], [-0.1, 0.1], [-0.1, 0.1], [-0.1, 0.1], [-0.1, 0.1], [-0.1, 0.1], [-0.1, 0.1], [-0.1, 0.1], [-0.1, 0.1], [-0.1, 0.1], [-0.1, 0.1], [-0.1, 0.1], [-0.1, 0.1], [-0.1, 0.1], [-0.1, 0.1], [-0.1, 0.1], [-0.1, 0.1], [-0.1, 0.1], [-0.1, 0.1], [-0.1, 0.1], [-0.1, 0.1], [-0.1, 0.1], [-0.1, 0.1], [-0.1, 0.1], [-0.1, 0.1], [-0.1, 0.1], [-0.1, 0.1], [-0.1, 0.1], [-0.1, 0.1], [-0.1, 0.1], [-0.1, 0.1], [-0.1, 0.1], [-0.1, 0.1], [-0.1, 0.1], [-0.1, 0.1], [-0.1, 0.1], [-0.1, 0.1], [-0.1, 0.1]], "axis_titles": ["PileUp", "Offset_time", "Luminosity/PileUp"], "values": [1.0331630297227026, 1.0330718261587797, 1.0331771502597236, 1.0331346684240053, 1.0331732851039417, 1.0330892982531825, 1.0331794314790348, 1.0330447104201264, 1.0330291461936842, 1.0330791961598833, 1.0331116584953515, 1.0330384681889377, 1.0332220605035904, 1.0332724210377902, 1.03311608977446, 1.0331474428688188, 1.0331311983968952, 1.0331743399525892, 1.0330554212360419, 1.033064156808461, 1.033158873951557, 1.0330422871187863, 1.032994528472987, 1.0330512505387288, 1.033116754354006, 1.0329938215330547, 1.0331107454712534, 1.0330674515141838, 1.0330492668973363, 1.0330903545212895, 1.033110824618207, 1.034280040725954, 1.0343485482343548, 1.034410860618611, 1.0343311331967229, 1.0343586214523515, 1.0343343059141483, 1.0343092383802723, 1.0343768017202186, 1.034360771798488], "binning": [[-0.18333333333333335, 0.016666666666666666], [0.016666666666666666, 0.21666666666666667], [0.21666666666666667, 0.26666666666666666], [0.26666666666666666, 0.31666666666666665], [0.31666666666666665, 0.36666666666666664], [0.36666666666666664, 0.43333333333333335], [0.43333333333333335, 0.4666666666666667], [0.4666666666666667, 0.5666666666666667], [0.5666666666666667, 0.6166666666666667], [0.6166666666666667, 0.6666666666666666], [0.6666666666666666, 0.7166666666666667], [0.7166666666666667, 0.7666666666666667], [0.7666666666666667, 0.8166666666666667], [0.8166666666666667, 0.8666666666666667], [0.8666666666666667, 0.9166666666666666], [0.9166666666666666, 0.9666666666666667], [0.9666666666666667, 1.0166666666666666], [1.0166666666666666, 1.0666666666666667], [1.0666666666666667, 1.1166666666666667], [1.1166666666666667, 1.1666666666666667], [1.1666666666666667, 1.2166666666666666], [1.2166666666666666, 1.2666666666666666], [1.2666666666666666, 1.3166666666666667], [1.3166666666666667, 1.3666666666666667], [1.3666666666666667, 1.4166666666666667], [1.4166666666666667, 1.4666666666666666], [1.4666666666666666, 1.5166666666666666], [1.5166666666666666, 1.5666666666666667], [1.5666666666666667, 1.6166666666666667], [1.6166666666666667, 1.6666666666666667], [1.6666666666666667, 1.7166666666666666], [1.7166666666666666, 1.7666666666666666], [1.7666666666666666, 1.8333333333333333], [1.8333333333333333, 1.8833333333333333], [1.8833333333333333, 1.9333333333333333], [1.9333333333333333, 1.9833333333333334], [1.9833333333333334, 2.033333333333333], [2.033333333333333, 2.0833333333333335], [2.0833333333333335, 2.1333333333333333], [2.1333333333333333, 2.183333333333333]], "type": ["histogram"]}