{"uncertainties": [[-0.1, 0.1], [-0.1, 0.1], [-0.1, 0.1], [-0.1, 0.1], [-0.1, 0.1], [-0.1, 0.1], [-0.1, 0.1], [-0.1, 0.1], [-0.1, 0.1], [-0.1, 0.1], [-0.1, 0.1], [-0.1, 0.1], [-0.1, 0.1], [-0.1, 0.1], [-0.1, 0.1], [-0.1, 0.1], [-0.1, 0.1], [-0.1, 0.1], [-0.1, 0.1], [-0.1, 0.1], [-0.1, 0.1]], "axis_titles": ["DCBCTtotalIntensity", "Offset_time", "Beam1/DCBCTtotalIntensity"], "values": [1922425.6386882353, 1920370.6478921568, 1922075.6969117648, 1921920.8781, 1921491.1086764706, 1922416.7067156862, 1922096.1575, 1921004.4681, 1920955.4622176471, 1920224.5008333335, 1920367.3916294118, 1920318.3857470588, 1920220.373982353, 1921539.824362745, 1920171.3681, 1920271.3401, 1920171.3681, 1919462.5875, 1920122.3622176473, 1919263.8275, 1919779.3210411766], "binning": [[-0.08333333333333336, 0.08333333333333333], [0.08333333333333333, 0.25], [0.25, 0.4166666666666667], [0.4166666666666667, 0.6], [0.6, 0.7666666666666667], [0.7666666666666667, 0.9333333333333333], [0.9333333333333333, 1.1], [1.1, 1.2833333333333334], [1.2833333333333334, 1.45], [1.45, 1.6166666666666667], [1.6166666666666667, 1.8], [1.8, 1.9666666666666666], [1.9666666666666666, 2.1333333333333333], [2.1333333333333333, 2.316666666666667], [2.316666666666667, 2.4833333333333334], [2.4833333333333334, 2.6666666666666665], [2.6666666666666665, 2.8333333333333335], [2.8333333333333335, 3.0166666666666666], [3.0166666666666666, 3.183333333333333], [3.183333333333333, 3.35], [3.35, 3.533333333333333]], "type": ["histogram"]}