{"uncertainties": [[-0.1, 0.1], [-0.1, 0.1], [-0.1, 0.1], [-0.1, 0.1], [-0.1, 0.1], [-0.1, 0.1], [-0.1, 0.1], [-0.1, 0.1], [-0.1, 0.1]], "axis_titles": ["LumiSpec_GP", "Offset_time", "Luminosity/LumiSpec_GP"], "values": [0.06638854252648041, 0.06753852869481101, 0.0656871366075917, 0.07469668141319172, 0.07599583099610016, 0.0737272311962181, 0.07495016724830207, 0.07598298551891892, 0.0743956796104684], "binning": [[0.04999999999999999, 0.15], [0.15, 0.25], [0.25, 0.75], [0.75, 1.2], [1.2, 2.5], [2.5, 2.85], [2.85, 2.9], [2.9, 3.1], [3.1, 3.4]], "type": ["histogram"]}